amplitude_range,reference_shape_id,reference_amplitude,unique_shape_id,amplitude,relative_difference_pct,repeat_count
0-50,157,25.290609264196753,157,25.290609264196753,0.0,6
0-50,157,25.290609264196753,243,25.178981162900858,0.4413816216516566,5
0-50,157,25.290609264196753,359,25.364988332037736,0.29409757220155036,7
50-100,8,96.7633163465348,8,96.7633163465348,0.0,4
50-100,8,96.7633163465348,205,96.97369963130497,0.2174204985045533,6
50-100,8,96.7633163465348,215,96.522099418275,0.24928551166635055,5
100-150,366,149.04711454914354,210,148.3104239482628,0.49426693237850944,6
100-150,366,149.04711454914354,235,148.40403113730397,0.43146317443638477,4
100-150,366,149.04711454914354,236,149.3352253393489,0.19330182343809837,4
100-150,366,149.04711454914354,366,149.04711454914354,0.0,3
100-150,366,149.04711454914354,474,149.43319545565137,0.2590327948821382,6
150-200,0,163.42131625136872,0,163.42131625136872,0.0,7
150-200,0,163.42131625136872,34,163.6538882367355,0.14231435084578634,9
150-200,0,163.42131625136872,41,163.8271559948141,0.24833953902385758,7
150-200,0,163.42131625136872,324,162.79615235391114,0.38254733947680253,4
150-200,0,163.42131625136872,347,162.63260333111873,0.4826254850602369,5
