unique_shape_id,first_original_index,amplitude,peak_bin,fwhm,normalized_area,tail_ratio,robust_distance,is_outlier,repeat_count
0,0,163.42131625136872,164,145,144.70722932249225,3.199703832135711,1.433808304090001,False,7
1,1,107.08533957473863,164,91,91.85548124662908,2.288426896246039,0.2219695393152197,False,7
2,2,1.960419751022364,135,2,74.95856872173687,4.965904436869738,9.78011601241063,True,9
3,3,182.16404320869864,161,138,139.2728873100211,3.238452755753201,1.3047912798026633,False,4
4,4,125.84012150811344,166,92,92.00367983196911,2.0847551915114146,0.6744907594765952,False,8
5,5,29.894178516459473,157,43,49.14817512909617,1.6019740827024767,2.3607176581680833,False,7
6,6,46.13166860909622,161,57,59.41392671329014,1.8875542226421074,1.011736139214893,False,3
7,7,58.62629131400764,161,60,63.757328691591276,1.8312764290130499,1.011736139214893,False,10
8,8,96.7633163465348,164,84,85.67185472797154,2.138110855633886,0.056392138417661296,False,4
9,9,157.5223015083712,164,123,123.39877963386115,2.814809423593307,0.9279231822675873,False,4
10,10,103.16911784159632,166,79,79.90124546808049,1.8321489666933095,0.6744907594765952,False,5
11,11,4.300888511822121,157,19,79.56305668470274,0.9962528794243126,2.3607176581680833,False,7
12,12,161.61131852087465,164,125,126.0156464334093,2.8359116530410082,0.990050366507967,False,6
13,13,145.3263213257126,166,102,102.6195362480951,2.282426956334229,0.6934083177877567,False,7
14,14,22.31482288824742,161,40,44.90463335474273,1.1217435846642356,1.0631653645551344,False,4
15,15,40.158718254225185,161,52,55.21246346496801,1.7024803923172382,1.011736139214893,False,7
16,17,191.55748356308752,160,128,127.98586701347045,3.233959398624494,1.3489815189531904,False,7
17,18,5.846769743476025,151,25,47.46702090677712,1.8979298484804543,4.384189936597869,False,8
18,19,97.5622378756908,164,95,95.86156273524352,2.636547470615625,0.605434269149389,False,7
19,20,50.1430920870544,164,59,62.274681269730095,1.6239185128314937,0.5894562612051727,False,5
20,21,134.69175059218284,164,125,123.1338483581174,3.093868760563964,1.1091866980744138,False,6
21,22,64.76681805561192,164,65,67.11168931283123,1.6077638729060075,0.5278001714404845,False,5
22,23,101.10029041440876,166,76,78.79680623162194,1.8076950178020466,0.6744907594765952,False,4
23,24,159.71657465483372,160,109,110.40530247671742,3.1327590173741005,1.3489815189531904,False,5
24,25,59.64063368389887,161,60,64.32170531866241,1.8526602185063716,1.011736139214893,False,8
25,26,168.521799039909,164,148,148.54693927867248,3.207140596183897,1.5249670775967072,False,9
26,27,12.533057497549368,157,32,49.450575379384894,1.0392668125386995,2.3607176581680833,False,4
27,28,81.26041091609862,164,74,76.49068253250417,1.8924343472590919,0.21422753432401728,False,5
28,29,24.240068136530592,157,40,47.34846162286666,1.4107098277483805,2.3607176581680833,False,3
29,30,48.1338765665661,161,57,60.84662003278921,1.9462953923336521,1.011736139214893,False,4
30,31,119.67028318582142,166,88,88.70073256852513,2.019124574936745,0.6744907594765952,False,8
31,32,128.9291930694322,166,93,93.68280618375641,2.116938074772634,0.6744907594765952,False,1
32,33,139.04506462467992,164,111,111.66099152423442,2.680376833619211,0.6537135610970418,False,5
33,34,61.40508725216782,164,68,70.17581275477202,1.900898263515486,0.43766886334448096,False,5
34,35,163.6538882367355,164,126,127.3322598348443,2.845278921259143,1.0213081605150707,False,9
35,36,116.3695354099528,164,96,97.50309093943316,2.41652260871525,0.36307061575654603,False,4
36,37,175.97300257447884,161,134,135.2396501580554,3.230557502096659,1.259753240825088,False,8
37,38,195.63913190096895,160,130,130.25899558955837,3.2383645621501693,1.3715164579806176,False,6
38,39,119.46890731672892,164,99,99.40881185888217,2.4577950727450872,0.40853341064435883,False,3
39,40,63.739153352205335,164,63,66.5527135225891,1.5893277671883839,0.5481080670913093,False,6
40,41,155.20239488802042,164,137,138.5153568170747,3.1822200330720487,1.286806705077227,False,5
41,42,163.8271559948141,160,113,112.64332303715737,3.154441712462432,1.3489815189531904,False,7
42,43,55.099537195617415,160,53,54.908297466849426,1.828807651264546,1.3489815189531904,False,2
43,44,89.53450890113623,164,80,81.39087315824214,2.026717317226454,0.06938892609576394,False,8
44,45,43.4721387791423,161,52,55.562502092158844,1.4865418464827858,1.011736139214893,False,5
45,46,57.10344054553571,160,53,55.93805362683675,1.8674247515256461,1.3489815189531904,False,6
46,47,70.19929166746122,160,61,62.78122993240019,2.1059102606513607,1.3489815189531904,False,4
47,48,100.67068026113056,164,97,98.11327636668608,2.6912135574250247,0.6656505210828431,False,6
48,49,3.9055961430336703,160,16,54.99782018484379,1.0088909689491707,1.436012584692106,False,4
49,50,151.1036508937477,164,136,135.43417731408482,3.170539272029325,1.2136562464092557,False,10
50,51,192.91836940067464,163,167,167.26805890781242,3.3213505299553385,1.9694262486124403,False,5
51,52,178.25922988571827,160,119,120.59546366638133,3.208785990911557,1.3489815189531904,False,10
52,53,129.96133583574837,166,94,94.2451685515446,2.1277784886253395,0.6744907594765952,False,2
53,54,112.0476994608148,164,105,106.41952795952271,2.870068885499713,0.8626647601399934,False,6
54,55,189.30500799000592,161,144,143.88254765969518,3.2439929250076345,1.4142294896034924,False,7
55,56,40.16612602586194,160,46,47.66855144477936,1.5170200747978047,1.3489815189531904,False,4
56,57,142.89778052792508,164,129,129.27233402847182,3.138520060248461,1.1583713766912034,False,5
57,58,130.5822559534306,164,120,120.07599232076922,3.0652395816363693,1.0776508419052553,False,9
58,59,7.2152410877539666,157,29,60.102001176772475,0.9389269564072386,2.3607176581680833,False,6
59,60,137.14085874359705,166,98,98.14352900801744,2.2017150712210154,0.6744907594765952,False,6
60,61,139.8229713767275,164,128,126.96337053010316,3.123709321547474,1.142056926087692,False,6
61,62,6.974128036854599,160,26,45.11171790598726,0.8634139367663816,1.3489815189531904,False,7
62,63,37.188399695504785,161,51,53.19636326840883,1.6056192175608157,1.011736139214893,False,7
63,64,120.2934315241281,164,112,112.47059308673964,2.9719027929156536,0.974837710175845,False,5
64,65,161.37948282303975,164,142,143.17472761885304,3.1959976826462224,1.3974250935623849,False,6
65,66,11.710884051628835,157,32,50.31383537619799,1.0179425414818566,2.3607176581680833,False,10
66,67,114.11018614755625,164,107,107.9297836930221,2.897912627783558,0.8933354354707521,False,6
67,68,61.68366667534663,164,62,65.43300329105043,1.5525148740229244,0.5886585176289445,False,6
68,71,114.52205058227008,166,86,85.95347600807527,1.9624030310746063,0.6744907594765952,False,6
69,72,158.5448217896913,164,123,124.05187685227317,2.820321824758115,0.943428400654006,False,8
70,73,143.28211739503664,166,102,101.49772049221723,2.262831465693596,0.6744907594765952,False,12
71,74,72.9996587486652,164,69,71.69874263099855,1.7532798760138548,0.36751014859610687,False,7
72,75,178.03431559484252,161,136,136.5723549632904,3.233842174042013,1.2633714005457537,False,2
73,76,106.053438069795,164,90,91.2368153243815,2.273621438497083,0.20566090583081326,False,4
74,77,29.25315298489843,161,45,48.27331729187312,1.3485196422811934,1.011736139214893,False,3
75,78,76.3324648706218,166,65,65.9301185001023,1.487928280898297,0.6744907594765952,False,3
76,79,95.73067457261008,164,83,85.05861480566381,2.1223404026514587,0.03902053519305931,False,4
77,80,2.703350790206454,151,3,62.51059394836926,2.0597894391861957,4.384189936597869,False,11
78,81,83.03158744615756,164,83,85.40539138080693,2.3647533130107203,0.30604526174811886,False,4
79,82,59.35139619938545,164,67,68.72578253758198,1.852364398686392,0.4653481880415167,False,10
80,83,89.74398238482371,166,71,72.83397686621312,1.6671371446778092,0.6744907594765952,False,10
81,84,76.8367447313626,164,80,81.02718081956613,2.2400474877626895,0.22968341324409752,False,6
82,86,160.58986268941894,164,125,125.35678462928725,2.8310399842966087,0.9744082907627637,False,5
83,87,185.42780414396887,160,125,124.57444166890632,3.224702137714413,1.3489815189531904,False,8
84,91,155.60572533322457,160,109,108.18732231035715,3.1074881825738103,1.3489815189531904,False,6
85,92,91.59998840396362,164,80,82.60860209678937,2.05900702054807,0.04351553286945775,False,5
86,94,185.23021717650153,161,141,141.25482565930642,3.2412940366071528,1.3518445914195878,False,5
87,95,169.80336939464996,161,130,131.26005729822788,3.2187379662861093,1.246733685417984,False,8
88,96,74.27071809235947,166,62,64.8897747433167,1.4593059149965166,0.6913308413084963,False,6
89,97,127.89683237782839,166,93,93.11868450957526,2.1061236876711886,0.6744907594765952,False,5
90,98,41.465155774366025,161,50,54.582039675826145,1.4361413257284172,1.011736139214893,False,8
91,99,124.65169720199064,164,102,102.67098614147298,2.5234198611242658,0.4808209845454916,False,5
92,100,170.02000029275612,160,116,116.04736385384565,3.1817138913121696,1.3489815189531904,False,4
93,102,177.23395723032965,160,119,120.02916832449797,3.205959090869888,1.3489815189531904,False,9
94,103,70.9398375296969,164,69,70.54158524696132,1.7170557675636138,0.40741203599678705,False,3
95,104,26.116946592232075,157,40,47.842163459264015,1.474645223167201,2.3607176581680833,False,5
96,105,20.342862175689024,161,38,44.18167039849802,1.056789356884972,1.1347142968527093,False,7
97,106,130.98956559324444,166,94,94.8001507835217,2.1386208618059017,0.6744907594765952,False,6
98,107,172.87672926740026,161,133,133.22400761373004,3.225423604547523,1.2540981064216106,False,7
99,108,27.308435799580256,160,39,42.58637329320546,1.229342444604008,1.3489815189531904,False,7
100,109,124.81246607539046,166,91,91.45199513970331,2.0739831885470825,0.6744907594765952,False,7
101,110,80.22685727850407,164,73,75.88428286708661,1.875462563790042,0.23292243730281648,False,6
102,111,93.87830105236762,166,74,75.01184852174045,1.7192710482578772,0.6744907594765952,False,7
103,112,83.55063533642381,166,68,69.61638338461476,1.5861969421850644,0.6744907594765952,False,6
104,113,2.300075425537707,151,3,68.24882513601042,2.226189436177839,4.384189936597869,False,4
105,114,145.22388400959466,164,114,115.58103837544724,2.7333633675386886,0.7423217402725407,False,7
106,115,132.6378518099938,164,121,121.60290893476136,3.0802950164992375,1.0942348323019173,False,6
107,116,40.45962353073204,161,49,54.10159347861187,1.4110818189875125,1.011736139214893,False,2
108,117,175.64920046093283,164,153,153.95651524665217,3.213421115179161,1.653396129806409,False,5
109,118,18.686075333227038,157,36,46.809882089039576,1.2236232035948398,2.3607176581680833,False,8
110,120,71.9697109210964,164,69,71.1179949097991,1.7350553571768457,0.38758497527030417,False,4
111,121,131.61005380334282,164,121,120.83998043021349,3.0728524860849245,1.08603667302973,False,10
112,122,177.6812687789744,164,156,155.50728933960903,3.2145297132119754,1.6902131461730707,False,4
113,124,110.39983869639039,166,82,83.76676225267485,1.9160499449729704,0.6744907594765952,False,7
114,127,81.48790659711531,166,68,68.556953760359,1.5583138021819154,0.6744907594765952,False,3
115,128,65.79446331639436,164,65,67.67481743538352,1.6264052240149642,0.5072661921441305,False,6
116,129,182.35687196799034,160,122,122.86417302376591,3.2186363202882924,1.3489815189531904,False,8
117,132,68.59471113038528,164,72,75.20962803386436,2.0645350074216497,0.3407682445755923,False,6
118,133,94.69797639221322,164,83,84.44603804226625,2.106384552515955,0.021757766434728876,False,4
119,135,57.298244459640806,164,64,67.27689854145238,1.8039229465076383,0.49302024396233385,False,8
120,137,38.176657737751995,160,44,46.788997377690755,1.4745938372059137,1.3489815189531904,False,6
121,138,174.94121126149878,161,134,134.56928789946988,3.228875506210645,1.2579004744403932,False,6
122,139,190.89096870155407,163,164,165.69690068102554,3.32303373946828,1.9321252913595792,False,6
123,141,58.32468716056789,164,67,68.00270227538793,1.8282217625344257,0.47918601083200435,False,7
124,143,186.24996604596532,161,141,141.91540089594315,3.241981561232443,1.3675273458640436,False,10
125,144,60.37819969427708,164,67,69.45358562781038,1.8767048301053437,0.4515090921869328,False,6
126,145,21.440568062058524,157,36,46.86951568654151,1.3166488277118242,2.3607176581680833,False,5
127,146,60.11001151326698,160,56,57.4914361696602,1.925356005896788,1.3489815189531904,False,5
128,147,30.266075421143398,160,41,43.611990961283325,1.2955082710833208,1.3489815189531904,False,6
129,148,174.6331663003455,164,152,153.1807582940266,3.2128534239431117,1.6349788396600984,False,3
130,149,39.17010808017771,160,45,47.22637405418851,1.4961506019600777,1.3489815189531904,False,10
131,150,56.10031815426071,160,53,55.42030380854203,1.8483171442257083,1.3489815189531904,False,7
132,151,7.6805466046893915,160,27,44.070735814005126,0.8599854633887403,1.3514993920356342,False,4
133,153,170.55946495487356,164,149,150.0881975616377,3.2091726097082147,1.5615581785745352,False,10
134,154,91.32246208649279,164,91,91.31843472244816,2.522289188976648,0.47957551696460393,False,3
135,155,83.3277141514719,164,74,77.70631719291421,1.9267271474683445,0.1764530379693799,False,4
136,156,183.77351466616764,163,158,160.19682782247833,3.3270427574486483,1.801547747299073,False,6
137,157,188.4905310082839,160,127,126.27424449831142,3.2299350619843015,1.3489815189531904,False,8
138,158,58.10606094631098,160,55,56.45503670773363,1.886617925607917,1.3489815189531904,False,4
139,159,105.23782844813343,166,80,81.01048626528934,1.8563851002640297,0.6744907594765952,False,5
140,160,6.567783531294809,157,25,62.86452936010416,0.9372764236397524,2.3607176581680833,False,7
141,161,84.36145425343982,164,75,78.31494049495457,1.9440188572858026,0.15740572700383262,False,2
142,163,122.35327709594253,164,115,113.98263130999992,2.993654143213329,0.9987974421754,False,6
143,165,67.85058743552925,164,66,68.81462840327355,1.6635049049876918,0.4663998366668549,False,6
144,168,172.08227191025495,160,118,117.1778888110854,3.1896739137260735,1.3489815189531904,False,5
145,169,165.89389153901655,160,114,113.77421884847318,3.16460372420154,1.3489815189531904,False,7
146,170,151.49123032490198,160,106,105.96416750912597,3.079067964895177,1.3489815189531904,False,5
147,171,71.68365030093278,164,76,77.38372219923824,2.1309303995673643,0.2991360087263198,False,7
148,173,156.6334380217536,160,109,108.74347983184023,3.113929397519968,1.3489815189531904,False,8
149,174,107.9210532999669,164,104,103.40618864801245,2.8097708040608858,0.7962447056794641,False,6
150,175,189.87616541976854,163,164,164.91439679741873,3.3236614068758836,1.9135478219392608,False,6
151,176,131.85777625061453,164,104,107.15709286220046,2.6077048947620987,0.573663350187122,False,6
152,178,79.1933706342018,164,73,75.27784508767009,1.8585735177357026,0.25152620266231057,False,2
153,179,15.987991878651753,157,34,47.3536488439481,1.1378236574749712,2.3607176581680833,False,6
154,180,56.594733508362104,161,58,62.62478062223882,1.7890083600218643,1.011736139214893,False,4
155,181,98.82820484938112,164,84,86.90879456174167,2.168542016569833,0.08991292910340282,False,3
156,182,138.7973693372071,164,128,126.19545627055187,3.11827265544558,1.1360682834981624,False,6
157,183,25.290609264196753,161,43,46.22207681429027,1.2181965148127034,1.011736139214893,False,6
158,186,125.6847386340568,164,102,103.31240958317278,2.5362865465975992,0.4949940051370723,False,9
159,187,69.62379086111812,164,73,75.93234080049416,2.0869164116901757,0.3268984699726881,False,7
160,190,45.133654767541884,160,48,49.97189543540399,1.6238556525127366,1.3489815189531904,False,6
161,191,92.36159161834775,164,91,92.06626500239383,2.541912330919933,0.5011909668339665,False,6
162,192,117.20268860688785,164,111,110.19749321651715,2.93677003454074,0.9361379759732279,False,6
163,193,37.18864267064049,160,44,46.359000464193336,1.4517421003763693,1.3489815189531904,False,4
164,194,104.20345637652946,166,80,80.45547403723344,1.8442093777494688,0.6744907594765952,False,5
165,195,170.82802611172121,161,131,131.9143825073874,3.2210890592529244,1.2493234812982401,False,10
166,196,139.18824245045616,166,99,99.26516352703965,2.2221311908032644,0.6744907594765952,False,7
167,198,138.0194522504365,164,111,111.01510199164395,2.6708606954942358,0.6432312638591771,False,6
168,199,169.54063199910289,164,149,149.31701918085776,3.2081649900738167,1.5432495885640742,False,5
169,200,175.17848781447327,160,119,118.8958903017279,3.199618059402678,1.3489815189531904,False,3
170,201,173.6159638061221,164,152,152.4058317930808,3.2120986508426186,1.616581265314578,False,4
171,204,62.11874720961757,160,58,58.53505664594792,1.9628625917505769,1.3489815189531904,False,7
172,205,160.35533706979433,164,142,142.4068576654325,3.1939057376879156,1.3791950491149387,False,5
173,206,31.251348982524068,160,41,43.96852361542815,1.317900372186622,1.3489815189531904,False,4
174,207,14.520553589672321,161,36,43.31717189469786,0.8849967801971748,1.3239487140554214,False,9
175,208,27.99427883143091,157,43,48.43919905027035,1.5395187682978662,2.3607176581680833,False,10
176,209,184.404687648927,160,125,124.00308409954714,3.22289493081053,1.3489815189531904,False,5
177,210,102.13481576492747,166,76,79.34578415539897,1.820135814251638,0.6744907594765952,False,4
178,211,28.263174709091928,161,44,47.73512502614553,1.3160435286260632,1.011736139214893,False,4
179,213,26.283560087529942,161,43,46.70800339052596,1.2503936397153885,1.011736139214893,False,4
180,214,57.61059239371625,161,59,63.19040127347121,1.810083481761588,1.011736139214893,False,3
181,215,128.77267417085585,164,104,105.24000073242242,2.572578774237932,0.5349709277661999,False,4
182,216,32.730549319060884,157,46,50.354373393214814,1.698902097233726,2.3607176581680833,False,9
183,217,130.82961123330014,164,104,106.51742803108526,2.596194404318661,0.5609842170558936,False,5
184,218,120.69871649872941,166,88,89.25351761577643,2.030054962492146,0.6744907594765952,False,8
185,219,158.68886262992103,160,109,109.8510583142722,3.126567745024279,1.3489815189531904,False,10
186,220,109.98513347447268,164,105,104.90660867409575,2.841205364675976,0.8308707696963646,False,6
187,224,153.5492626455767,160,107,107.0741494430481,3.0938378018397885,1.3489815189531904,False,4
188,225,109.14841073828256,164,93,93.09695944533182,2.317428736740903,0.25391589281700894,False,7
189,227,75.80521776199956,164,78,80.29479246999999,2.218886568215521,0.243586171343991,False,10
190,229,30.841396528201837,157,45,49.534796718554375,1.6339720216240783,2.3607176581680833,False,3
191,231,179.28383394297742,160,121,121.16330484369888,3.2113209021987554,1.3489815189531904,False,7
192,232,176.66523462041326,164,156,154.73169033661924,3.213979810268971,1.6717996059180904,False,3
193,233,38.444170975413634,161,49,53.170271107629425,1.361570595237485,1.011736139214893,False,3
194,234,190.53503578932492,160,128,127.41407411953003,3.2327595803654283,1.3489815189531904,False,10
195,235,154.45415024782542,164,120,121.44297549425995,2.7974187032021516,0.8814903244163274,False,7
196,236,11.558621633835386,160,29,41.125729740325006,0.8973577224379602,1.3489815189531904,False,5
197,238,22.36148259772997,157,38,46.986484071760955,1.3492682270914673,2.3607176581680833,False,8
198,240,98.00522487393178,166,75,77.16979013911063,1.7701704883312315,0.6744907594765952,False,5
199,241,6.491486182916153,155,25,46.46767094148479,1.2523147082850556,3.0352084176446783,False,2
200,243,53.558375141560184,161,56,60.9545518330902,1.7228733558172706,1.011736139214893,False,5
201,244,36.19592437460549,161,51,52.534285695186526,1.5736495350291166,1.011736139214893,False,7
202,245,154.5780123092776,160,108,107.6291557982193,3.1009703646624907,1.3489815189531904,False,5
203,246,191.33969865641936,161,144,145.20208192604818,3.2447548710864926,1.4455566280315402,False,7
204,247,44.47629580349733,161,52,56.06499304257495,1.5113030687398221,1.011736139214893,False,10
205,248,96.97369963130497,166,75,76.6255263564612,1.7577145684604574,0.6744907594765952,False,6
206,252,82.51924852535427,166,68,69.08767736054644,1.5722547224607273,0.6744907594765952,False,7
207,253,93.66529348814132,164,83,83.83392988616178,2.090523025447669,0.021757766434728876,False,4
208,255,3.432455950933298,157,15,92.08024399841419,1.0691380276793223,2.3607176581680833,False,9
209,256,64.48373907536981,164,70,72.3268855086981,1.9719263984470954,0.3961752787431952,False,6
210,258,148.3104239482628,164,115,117.54420739438473,2.756777761472027,0.788929448145022,False,6
211,259,90.77744977822879,166,71,73.37801408065329,1.6803516615892071,0.6744907594765952,False,11
212,260,5.950519901954288,157,21,66.10504852139174,0.9416169412893457,2.3607176581680833,False,5
213,262,60.65777417560313,164,62,64.88010599157178,1.5332827637789315,0.6098432349419297,False,5
214,263,54.56885503098035,161,58,61.50642874852051,1.7453559472308668,1.011736139214893,False,6
215,264,96.522099418275,164,92,95.10402368952032,2.6175032200512844,0.5844564846252375,False,5
216,266,189.5125880721388,160,128,126.84138305732642,3.2315360874757593,1.3489815189531904,False,9
217,268,27.05375403892895,157,42,48.12853894121223,1.5073360321032847,2.3607176581680833,False,5
218,270,72.71366299248933,164,76,78.11252883049379,2.1532250107927995,0.2852536598243096,False,8
219,271,10.746674016759693,160,29,41.48692435951013,0.8837458319977615,1.3489815189531904,False,3
220,272,11.08532321551454,155,33,43.223963336279034,1.4356271002115757,3.0352084176446783,False,7
221,275,15.90928745108307,160,32,40.352389226063416,0.9734832110051955,1.3489815189531904,False,7
222,276,19.602038262476558,157,36,46.77203593672365,1.253473409806463,2.3607176581680833,False,3
223,278,164.44146280452364,164,146,145.47791914415586,3.201257804380262,1.4521052951905598,False,8
224,279,87.67730238037592,166,70,71.75468648263612,1.640011746080063,0.6744907594765952,False,3
225,280,116.58144284803573,166,86,87.05581823868346,1.9850495692945622,0.6744907594765952,False,8
226,281,186.8196978592468,163,163,162.54553856564883,3.325642012108319,1.8573086232800393,False,4
227,283,128.52666070850637,164,119,118.54549133536824,3.0494847264619835,1.0602964201105571,False,5
228,284,85.61366143896942,166,69,70.68196718353163,1.613224462209842,0.6744907594765952,False,6
229,285,66.53906132571252,164,72,73.77203098577193,2.01826461668961,0.3684739690222405,False,8
230,286,137.77096452734992,164,126,125.4319459869695,3.11236717138885,1.1295632245758196,False,6
231,287,112.24167349233127,164,93,94.97465892180823,2.3602989279043034,0.3011386296580658,False,3
232,288,125.44054248242084,164,116,116.26374170650837,3.0228579494170535,1.0309662666590445,False,4
233,289,176.20892331107567,160,119,119.46684923113487,3.202811640367175,1.3489815189531904,False,5
234,291,113.27275472567949,164,95,95.59903305282235,2.374665087837257,0.31696336408354636,False,4
235,292,148.40403113730397,160,105,104.29043020411459,3.056336251963403,1.3489815189531904,False,4
236,293,149.3352253393489,164,118,118.19148909050085,2.7641900530418333,0.8042965998842605,False,4
237,294,3.1397472717548105,151,9,58.088278236425595,1.9491843214324942,4.384189936597869,False,4
238,296,3.058596405723839,157,5,99.6129322789578,1.1207235151770303,2.3607176581680833,False,10
239,297,174.14641572413592,160,119,118.32263174049076,3.196366861276315,1.3489815189531904,False,8
240,298,90.56737575210185,164,80,81.99588563632442,2.043213054307339,0.05502529027752656,False,6
241,299,103.98963152708525,164,89,89.99714814785638,2.2441399940229454,0.17318625488302394,False,9
242,301,47.13288907750829,161,57,60.129540444041226,1.9168523136508155,1.011736139214893,False,9
243,303,25.178981162900858,157,40,47.57915048960116,1.4422954424696852,2.3607176581680833,False,5
244,304,86.43034964962003,164,76,79.54637961940279,1.9772501736860413,0.13054659860837325,False,5
245,305,63.456212938626976,164,70,71.60279837157643,1.9488373804324146,0.4100241142508842,False,7
246,307,95.94218564464283,166,75,76.08227742659467,1.7452273193749537,0.6744907594765952,False,7
247,309,9.174164288154028,160,29,42.495954992034996,0.8638393192665798,1.3489815189531904,False,7
248,310,20.520519483812638,157,36,46.79619774002222,1.284633675608115,2.3607176581680833,False,5
249,312,78.16083794979805,164,72,74.68022334657117,1.8410904805768946,0.27078426614483697,False,6
250,313,188.85815898077723,163,163,164.12621530921177,3.3243089048459527,1.8948355601836584,False,8
251,314,68.17062185973276,160,60,61.7074274327077,2.0713479707582936,1.3489815189531904,False,12
252,315,11.901113501533786,155,33,43.20139417744575,1.4780660411795168,3.0352084176446783,False,6
253,316,54.1027880509509,160,53,54.400449061135035,1.8082779137996172,1.3489815189531904,False,4
254,320,187.26831336681258,161,143,142.57231883996653,3.242662257241605,1.3831232723155538,False,3
255,326,14.134440669299766,160,32,40.50482576300447,0.9386396455926813,1.3489815189531904,False,9
256,331,98.5983180213225,164,95,96.6102870086507,2.655339313093946,0.626134018976256,False,9
257,333,92.6326293423275,164,82,83.22145699888651,2.0747337762089733,0.02592893051830019,False,6
258,334,97.79575604403466,164,84,86.29031336023347,2.153287298500503,0.0731094225776964,False,7
259,335,141.87284410045982,164,129,128.50392862975087,3.1336850720066116,1.1530454994049506,False,3
260,336,73.74371737586564,164,77,78.8378928171672,2.175481078148495,0.27137074900651625,False,6
261,337,196.65672618306587,160,132,130.82850584264472,3.239088678864786,1.3852314335149598,False,7
262,339,183.1864611917974,161,138,139.93174751361838,3.2395700038255133,1.3204333175497163,False,6
263,340,5.243768960851287,151,23,48.63774038975223,1.8776666623665388,4.384189936597869,False,8
264,341,4.111300308865549,151,21,52.21383371515551,1.8760841344542727,4.384189936597869,False,7
265,342,79.42532454537745,166,67,67.49369627015692,1.5304302755224846,0.6744907594765952,False,4
266,343,153.43036497207413,164,120,120.79469439540794,2.791026345184098,0.8660994457996208,False,5
267,345,2.7252244847719456,157,3,108.02251474446958,1.1835564424484981,2.3607176581680833,False,10
268,347,34.63779685797781,157,46,51.2405386245918,1.760456636861173,2.3607176581680833,False,7
269,348,164.8605237498769,160,113,113.20845876604125,3.1595653287939496,1.3489815189531904,False,5
270,350,135.96609638235606,164,108,109.72951926742165,2.650584364543776,0.6208963076905376,False,7
271,351,166.72939941280575,161,128,129.290017509936,3.21141817694376,1.23867072893318,False,9
272,353,31.786857228179514,157,45,49.93755100861269,1.6663122667133772,2.3607176581680833,False,4
273,358,80.9632900882941,164,82,83.93937520923865,2.324705316030506,0.2619312521977566,False,6
274,360,88.20708267969752,164,87,89.07114790575969,2.463784500560953,0.41513093600875717,False,7
275,362,172.5971308580513,164,152,151.63319928290855,3.2111390620553357,1.598238152735112,False,10
276,364,167.75405603848304,161,129,129.9475602761159,3.213904227691305,1.2414091846535509,False,7
277,366,124.4114538503392,164,115,115.50405345439854,3.0133442014734078,1.0204866022740047,False,5
278,367,51.53624466584389,161,56,59.844021525893744,1.6776142249771953,1.011736139214893,False,6
279,372,32.23319671182237,161,47,50.030396035116105,1.4449275481564325,1.011736139214893,False,7
280,373,106.27223120762964,166,80,81.56346363707996,1.8685742106980698,0.6744907594765952,False,5
281,374,95.4819573325756,164,92,94.34349724059385,2.5984342791164003,0.5634515029545595,False,5
282,378,17.773289156233833,157,35,46.91116497954942,1.194939996997273,2.3607176581680833,False,6
283,379,100.06842649468375,166,76,78.25502943435848,1.795138197625828,0.6744907594765952,False,7
284,382,12.730358847979556,155,34,43.254081907594994,1.5198136851486104,3.0352084176446783,False,8
285,384,99.86066068251684,164,86,87.52666045538238,2.1838527115731403,0.10677809581654131,False,2
286,385,188.28666068149488,161,144,143.22800733646312,3.243332624467006,1.3986900103830684,False,3
287,386,121.32367927221078,164,114,113.22521742995,2.9831209414284943,0.9871948203423616,False,7
288,390,17.74093386968938,160,32,40.43044188918807,1.0115657854104028,1.3489815189531904,False,3
289,391,171.85268284869505,161,132,132.5677447590566,3.2233982481039765,1.25186711860123,False,4
290,394,50.108303095275176,160,51,52.37844652889399,1.727550734435184,1.3489815189531904,False,7
291,396,2.4532116321078687,141,3,116.30192332559994,2.2821937537846795,7.7566437339808445,True,4
292,399,168.7787127015887,161,129,130.60448306456325,3.216343562111121,1.2440961810080868,False,3
293,400,7.891494538483159,157,29,57.75690546798453,0.9464198732728651,2.3607176581680833,False,3
294,401,7.925760487146572,155,29,44.6607148721564,1.3048316699352045,3.0352084176446783,False,6
295,405,23.425219590468963,160,36,41.43125999465653,1.1369349228828107,1.3489815189531904,False,4
296,406,13.581391359676406,155,36,43.37883931963935,1.5597662546295152,3.0352084176446783,False,7
297,407,112.46143664801393,166,83,84.85815217953792,1.93938493254025,0.6744907594765952,False,3
298,409,88.49975101004696,164,80,80.77745262478346,2.010195932908763,0.08450979297026233,False,5
299,410,159.56734218572208,164,123,124.70423514961287,2.825731053440097,0.9589160762730181,False,6
300,411,141.23561541831617,166,100,100.38139498542711,2.2425943737878646,0.6744907594765952,False,4
301,413,184.7894957764388,163,160,160.97846844782217,3.3267030404514837,1.820104722055636,False,4
302,415,167.95916902914743,160,114,114.91564632639394,3.173346146954777,1.3489815189531904,False,5
303,418,122.7555896413525,166,88,90.3539054855643,2.0519461871362883,0.6744907594765952,False,3
304,419,147.28536191240258,164,115,116.89718234833025,2.7491274468310287,0.7735683895495643,False,6
305,420,187.46962197876726,160,126,125.70873097557413,3.22822413805572,1.3489815189531904,False,11
306,421,147.37384234106162,160,103,103.73709917917108,3.0479541642688908,1.3489815189531904,False,8
307,422,69.91003365233992,164,68,69.96861503235553,1.6992490769666744,0.4270266129615681,False,6
308,426,48.12041974526425,160,49,51.406656945399924,1.6858131966919454,1.3489815189531904,False,8
309,427,165.7037777885335,161,127,128.63843761105625,3.2084663537758713,1.2354192116229992,False,10
310,433,185.80521293288987,163,162,161.76034235161683,3.3263085209209957,1.8386672350892315,False,4
311,434,152.52024676113524,160,107,106.51981145296212,3.086489281708642,1.3489815189531904,False,6
312,436,26.33647203106727,160,37,42.27984539806007,1.2057232872572565,1.3489815189531904,False,6
313,438,152.13108076926238,164,136,136.21299446242028,3.1735341441986997,1.2321461888368026,False,8
314,439,111.21058900500259,164,93,94.34945802544165,2.3459694531036197,0.2853543049508566,False,4
315,440,158.290268268321,164,141,140.84035254890549,3.1896540800784066,1.3420045616186793,False,4
316,441,117.40266240163496,164,96,98.13974896308662,2.43030552251479,0.3782528879507114,False,5
317,443,23.300583098488943,157,40,47.15064893362695,1.3797510451988748,2.3607176581680833,False,6
318,444,108.33831302157677,166,81,82.66581326649059,1.8927023874025737,0.6744907594765952,False,9
319,446,51.10818125621146,160,51,52.87864012495453,1.747307184451577,1.3489815189531904,False,5
320,447,33.22191402711881,160,41,44.72418526147312,1.3639284799048466,1.3489815189531904,False,7
321,448,157.26139736205684,164,141,140.06376673662504,3.187461086381883,1.3235675934679338,False,6
322,451,190.32268275576735,161,144,144.54096485610344,3.2444643915912343,1.4298610098915534,False,5
323,455,183.38121818351757,160,125,123.4314765464328,3.220981781584219,1.3489815189531904,False,5
324,456,162.79615235391114,160,113,112.07986748441739,3.14922758856701,1.3489815189531904,False,4
325,457,15.472955468524184,161,36,43.30268578230703,0.9115123876265997,1.2947410171023577,False,3
326,459,153.15710601522485,164,136,136.9858094093721,3.17647700735878,1.2504936326582787,False,4
327,461,150.07547799620122,164,135,134.66086474969353,3.16705488235189,1.1952969886237108,False,2
328,462,15.016962708384776,160,32,40.400166274586454,0.9551131074597567,1.3489815189531904,False,3
329,463,108.11723915966309,164,92,92.4725624038313,2.3032362996600972,0.2382825190621393,False,1
330,465,85.39571426505525,164,76,78.9288633253879,1.9608234090673329,0.13889503449288804,False,2
331,469,145.97126046647406,164,131,131.5761929406773,3.15194756314529,1.1731621536511811,False,6
332,470,146.34842019708375,166,103,103.17943327668117,2.2921874967771827,0.7071840054671801,False,5
333,471,108.95309388904909,164,104,104.15791898644518,2.8255998481197953,0.8136808486439382,False,6
334,472,8.61461203365348,157,29,55.73267930947285,0.9542588093941282,2.3607176581680833,False,6
335,476,105.85146531914287,164,101,101.88724033268997,2.777558092040508,0.7607614857218701,False,8
336,478,84.58209269806598,166,69,70.14587210294235,1.5999552805864117,0.6744907594765952,False,5
337,480,166.48175589410405,164,147,147.01403516958746,3.2042878949921803,1.4885743135384049,False,5
338,481,179.71333709424977,164,156,157.0629884853454,3.215603902965104,1.7271470884992344,False,7
339,487,162.40098236602495,164,144,143.93831328657345,3.1980606621906578,1.4155534245381802,False,2
340,488,113.0789430353976,164,107,107.17514165667299,2.884111299043187,0.8781328786946616,False,8
341,489,8.416700092761749,160,29,43.20719999314807,0.8597959216436324,1.351708177667485,False,2
342,490,30.248561643753572,161,47,48.84375371991,1.3801755793201549,1.011736139214893,False,5
343,492,193.6017490147842,160,129,129.12557848979964,3.236292997007184,1.3489815189531904,False,5
344,497,14.241797975429929,157,32,48.16750946461877,1.0847120531589616,2.3607176581680833,False,7
345,499,77.36328561055086,166,66,66.44748723521593,1.50223662900786,0.6744907594765952,False,4
346,500,168.98962523236113,160,116,115.48222705802468,3.1775677624855283,1.3489815189531904,False,2
347,501,162.63260333111873,164,126,126.67426600292416,2.8406390072400676,1.005686691347517,False,5
348,503,136.99317513689638,164,109,110.37090660930225,2.6609474615286492,0.6323115542405184,False,7
349,512,36.1991162516392,160,43,45.93304465509356,1.4290038942312746,1.3489815189531904,False,5
350,515,75.30161551795237,166,63,65.4110572691208,1.4736282266487446,0.675554407013373,False,10
351,516,144.19094949028315,164,114,114.91778537238679,2.7252527343193655,0.7265754128223868,False,5
352,521,87.46502835261573,164,79,80.16210620845555,1.9936863106092058,0.10269561225494128,False,1
353,522,29.280061096534595,160,40,43.25944594693931,1.2731924972501383,1.3489815189531904,False,3
354,523,146.2568186051299,164,115,116.24401179511402,2.7413242542890446,0.7580614301173677,False,4
355,527,116.17244089677851,164,111,109.43765591655391,2.924567157860778,0.9226961596779535,False,6
356,528,129.8011432658217,164,104,105.87919036721225,2.5844437297780285,0.5480405142993049,False,7
357,533,59.10823405217551,160,55,56.971506705312606,1.9058978506056006,1.3489815189531904,False,2
358,534,133.04022944079728,166,95,95.9146813214251,2.1594749938841846,0.6744907594765952,False,6
359,536,25.364988332037736,160,37,41.98270185377987,1.182319289990643,1.3489815189531904,False,7
360,537,104.81534398286101,164,101,101.12392769185378,2.7611977519968613,0.7427401050947897,False,8
361,541,165.46160935219984,164,147,146.24591197954837,3.202785592089505,1.4703382569859251,False,3
362,546,152.40657983757575,164,119,120.1448277074441,2.78451033216433,0.8506709236211948,False,6
363,549,72.22263078648464,160,62,63.83615054081559,2.1408900788613696,1.3489815189531904,False,3
364,562,56.27521935010875,164,64,66.56230447124646,1.7784096838690269,0.5068084153338722,False,2
365,563,155.4772613505424,164,121,122.0936864269329,2.8034613702572906,0.8969388898566402,False,4
366,567,149.04711454914354,164,133,133.88857985510768,3.163392195971564,1.1857687427409696,False,3
367,571,27.2744148405028,161,44,47.211204594390786,1.2829393418890014,1.011736139214893,False,6
368,574,119.26318385938684,164,112,111.71443142275568,2.9604393641410898,0.9622104168135615,False,3
369,577,89.24419233673324,164,88,89.81713366756958,2.483178227692832,0.43649367892784735,False,3
370,580,73.23975069336593,166,62,64.36758855480821,1.44498050800729,0.7071106852055029,False,3
371,588,126.46963127780118,164,116,117.02214281716273,3.032158127047378,1.0412106772598264,False,3
372,589,18.373309010536495,161,38,43.65120358330958,0.9972423277855357,1.2003070457656209,False,4
373,591,81.99677159991116,164,83,84.67381292630348,2.344793566672157,0.28405903254826126,False,6
374,593,35.20811224103583,160,42,45.52016080265379,1.4068853672416661,1.3489815189531904,False,4
375,595,180.72810070150794,164,156,157.84650013110266,3.215846611320703,1.7457484832583603,False,5
376,598,99.63450071991619,164,97,97.3635934067589,2.6733476679460058,0.6459707348630096,False,5
377,600,120.50163702222038,164,99,100.05013964291373,2.471207856625463,0.4233079741884026,False,9
378,603,35.59151306013435,157,48,51.708687071043535,1.7914929547428116,2.3607176581680833,False,2
379,607,94.91025506587835,166,75,75.54803093754633,1.732242528296775,0.6744907594765952,False,5
380,610,62.430598821363674,164,68,70.88975845342823,1.9250386506637602,0.42384717986103704,False,6
381,614,67.15619324751142,160,60,61.17035567291803,2.0542983075343293,1.3489815189531904,False,3
382,616,93.40166066017105,164,92,92.82489171849254,2.560705336350744,0.5218919976861308,False,5
383,618,33.68219066006812,157,46,50.788066388328645,1.7299331983357524,2.3607176581680833,False,8
384,619,103.77920123692091,164,100,100.3672675003552,2.744300389304571,0.7241271787216707,False,6
385,623,12.403807843199306,160,29,40.861166000196555,0.9096262338338382,1.3489815189531904,False,7
386,630,79.93145854054482,164,82,83.21266036013039,2.303748463458919,0.23884668207692705,False,2
387,631,49.13470134563658,161,59,61.56412208900472,1.9758299346865218,1.011736139214893,False,4
388,644,22.457954391411043,160,36,41.18230346503687,1.115237296728684,1.3489815189531904,False,3
389,647,55.579015112178666,161,58,62.05612244885226,1.7677371719221162,1.011736139214893,False,4
390,649,144.94765347415162,164,130,130.80570344069343,3.1479022677660953,1.1687061455497025,False,7
391,650,134.9390171843394,164,108,109.08768509757002,2.6400779920164577,0.6093232390489582,False,6
392,656,17.39638305234985,161,36,43.472362460626385,0.9686519949969313,1.231800111806043,False,5
393,664,187.8365661130523,163,163,163.33351312994247,3.324977986666267,1.8760159724431902,False,4
394,667,9.951344857956306,160,29,41.93032884628667,0.8720848885632478,1.3489815189531904,False,8
395,674,36.54362508988995,157,48,52.18678256610942,1.8227610496954318,2.3607176581680833,False,4
396,681,51.16183825506593,164,59,62.9823139065152,1.6507751190789368,0.5757257607338147,False,5
397,682,136.7445597876765,164,126,124.66604651355344,3.1063350179957983,1.122918635770996,False,3
398,683,173.11434375661057,160,119,117.74924522301434,3.1930524873877935,1.3489815189531904,False,3
399,684,123.61725782415871,164,102,102.02516738390358,2.5104791619204834,0.466566435721338,False,3
400,686,74.0312495324795,164,70,72.29442509660672,1.7708037678823794,0.3482070824869696,False,6
401,690,67.56685119808691,164,72,74.49210955213566,2.0414550310514787,0.3546215789272294,False,4
402,694,181.13757928584084,161,138,138.6067883366212,3.23732848373984,1.2889773860080351,False,7
403,696,166.92658447855084,160,114,114.34495294290245,3.169053859233614,1.3489815189531904,False,2
404,698,34.2099979105164,161,47,51.24799657266672,1.5102333451006869,1.011736139214893,False,2
405,700,13.38212572686157,157,32,48.7396083310662,1.0607488459870453,2.3607176581680833,False,2
406,705,19.357347738492624,161,38,43.89426742896319,1.0264896393810938,1.1680902988535018,False,3
407,710,143.1614125254272,164,113,114.26106679016571,2.7169376736695074,0.7109842194308185,False,9
408,711,48.508755424167134,161,54,58.197507809905964,1.6075023305097094,1.011736139214893,False,5
409,712,182.75753355608686,163,158,159.41444813456465,3.327387826142378,1.782973226415803,False,5
410,715,3.84597303715285,157,16,85.42371884953373,1.0278869130291446,2.3607176581680833,False,4
411,717,118.43578632862547,164,99,98.77485706989222,2.4440652185833907,0.39340958515282676,False,3
412,727,65.51136104207833,164,70,73.05077995963494,1.9951020553156202,0.3823251516543152,False,4
413,728,63.12615513134549,160,58,59.06258815322653,1.9810326274164713,1.3489815189531904,False,5
414,730,121.53405956167775,164,100,100.69495521099853,2.484311064299826,0.43774153072239835,False,6
415,734,123.38236540176062,164,115,114.74431220336973,3.003610706366684,1.009764880128736,False,7
416,740,24.29597385059102,161,41,45.75346199438034,1.1863104731837286,1.011736139214893,False,7
417,741,18.672842135573813,160,32,40.52346906704577,1.030968635520679,1.3489815189531904,False,5
418,744,87.17139344047341,164,87,88.33228045400068,2.444635257218392,0.39403749894838913,False,5
419,747,126.71573209367975,164,102,103.95865516326523,2.5485316608220465,0.508482347290849,False,3
420,750,37.49420562121005,157,48,52.67160190007611,1.8541035911662993,2.3607176581680833,False,7
421,752,68.8802866915482,164,67,69.39271637303679,1.6813885154929638,0.44670053023177175,False,3
422,753,142.2592981016185,166,100,100.93840417756755,2.252827893809975,0.6744907594765952,False,6
423,755,35.201913674791534,161,48,51.87939061358829,1.541930977095658,1.011736139214893,False,4
424,758,16.815560518712783,160,32,40.365176075197056,0.9928326183128039,1.3489815189531904,False,4
425,765,78.3940948981279,166,67,66.96603713940502,1.516658707663684,0.6744907594765952,False,5
426,766,127.498720252808,164,117,117.78038941423343,3.0412491672920177,1.0512247170724267,False,6
427,767,34.215685387158096,160,41,45.11877358329703,1.3853073995290761,1.3489815189531904,False,4
428,773,94.44181084452886,164,92,93.58572888784818,2.5795747721206244,0.5426772187341072,False,5
429,774,126.86716252508097,166,92,92.55802649190099,2.095363335065388,0.6744907594765952,False,2
430,776,85.10123315596273,164,85,86.86390156121061,2.4048136948676078,0.35017291359295366,False,3
431,777,23.29993611502457,161,41,45.31256980349362,1.1551394506667405,1.026378866780852,False,2
432,789,132.8848572209663,164,105,107.80135702051308,2.618632902258801,0.5857008617589022,False,2
433,792,53.10535605754746,160,53,53.89075892059666,1.7877367405675644,1.3489815189531904,False,4
434,794,4.810898755807535,157,21,74.3661665494069,0.9702407589259786,2.3607176581680833,False,5
435,795,62.711445346334926,164,63,65.99310315505004,1.5709090907410177,0.5683967639044251,False,8
436,800,42.15111894807327,161,55,56.596404124774104,1.7636327016747977,1.011736139214893,False,6
437,802,121.72715227898294,166,88,89.80413593253722,2.04098919403439,0.6744907594765952,False,2
438,804,69.18498071291457,160,61,62.2440924633598,2.088538659774893,1.3489815189531904,False,4
439,807,115.14142893411139,164,108,108.68211784419519,2.9114622778634645,0.9082607610325867,False,2
440,809,66.14719652047935,160,59,60.64329238480093,2.036269187821147,1.3489815189531904,False,3
441,813,101.70685653265124,164,99,98.8631182437882,2.709005136632971,0.685248452422159,False,4
442,817,24.39441057155467,160,36,41.700237609016696,1.1594132667079589,1.3489815189531904,False,2
443,818,118.23293623741881,164,111,110.95679575014312,2.948729289497155,0.9493114359997841,False,2
444,821,132.01498111966077,166,94,95.35737995670752,2.1490489644031596,0.6744907594765952,False,6
445,822,151.3827948590852,164,118,119.49438802474432,2.7778671708811666,0.835228797941997,False,5
446,823,161.76984525576313,160,111,111.52203597991598,3.143918452388561,1.3489815189531904,False,4
447,826,150.46221325300718,160,105,105.407032233315,3.071579516742695,1.3489815189531904,False,11
448,827,186.44871302212619,160,126,125.14212403017667,3.226480185910666,1.3489815189531904,False,3
449,828,181.7426360382278,164,156,158.63092433653017,3.216035310576999,1.7643715431487694,False,7
450,830,114.30359998536004,164,95,96.22541364647788,2.388929208182035,0.3326756989957751,False,2
451,835,47.50198485970368,161,53,57.6589430875668,1.5833106149644438,1.011736139214893,False,3
452,839,181.33252585280562,160,122,122.2965064700784,3.2162451878687164,1.3489815189531904,False,3
453,841,52.10717611380001,160,51,53.3846553081108,1.7674720075464514,1.3489815189531904,False,6
454,847,28.2941305320687,160,39,42.91692568587121,1.25106826304113,1.3489815189531904,False,5
455,850,177.00365908359169,161,136,135.90663617004205,3.2322138228543493,1.261577725324508,False,5
456,852,157.66115043556536,160,109,109.29778172568564,3.1202903110975253,1.3489815189531904,False,3
457,854,127.74420383048214,164,102,104.59985618510791,2.5606050554279336,0.5217815353928789,False,3
458,857,150.35901002949493,164,118,118.84316967190163,2.7710945123988258,0.8197681858104356,False,7
459,860,77.86829667474481,164,80,81.7558320023919,2.2611758436088523,0.21578031854830534,False,7
460,861,46.130653500050876,160,49,50.44828543079632,1.6442979259391173,1.3489815189531904,False,3
461,865,92.84462030468018,166,74,74.46927269414549,1.7062856857101691,0.6744907594765952,False,6
462,866,5.047573248804104,160,25,49.88416327805758,0.9123112647726936,1.3489815189531904,False,5
463,869,113.49225742470371,166,85,85.4027407786939,1.9511310370682144,0.6744907594765952,False,6
464,877,115.33640524853604,164,96,96.86475368247453,2.4027245883095674,0.34787170320536176,False,6
465,884,6.305315858852972,160,26,46.41601141389517,0.8713390186005534,1.3489815189531904,False,7
466,886,107.30666189598904,166,81,82.11471405453115,1.8807841494778277,0.6744907594765952,False,4
467,887,75.06339352119412,164,70,72.89082224740038,1.7882814009134629,0.328954971805083,False,3
468,904,84.06640868602273,164,84,86.13650364056119,2.384801836391511,0.32812928138904657,False,2
469,915,10.278506013250851,155,33,43.3731639934994,1.3975976355974082,3.0352084176446783,False,2
470,916,179.06430516659205,161,136,137.2433758507319,3.2350800262737964,1.2647349300426673,False,5
471,920,47.12611632583142,160,49,50.927395241729926,1.6650228446432986,1.3489815189531904,False,4
472,925,138.16455197751839,166,99,98.704927317803,2.211922315183987,0.6744907594765952,False,4
473,938,42.15365764443945,160,46,48.57735111240172,1.5599692736962316,1.3489815189531904,False,4
474,941,149.43319545565137,160,105,104.84887731555878,3.064030161867436,1.3489815189531904,False,6
475,943,5.364221977580796,157,21,69.9007287297366,0.9520403085664372,2.3607176581680833,False,4
476,951,21.32892269046402,161,39,44.5240265955284,1.088797165208755,1.0994567841541563,False,4
477,961,156.49978136401344,164,122,122.74683470363647,2.8091899739633854,0.9124453204208764,False,4
478,970,45.48587146379173,161,52,56.59021534689537,1.5351019897977256,1.011736139214893,False,2
479,975,43.1464707701153,161,55,57.29367791424841,1.794428179801749,1.011736139214893,False,5
480,976,49.51478192096725,161,56,58.73613118127473,1.6316344740462545,1.011736139214893,False,4
481,979,143.92271698675697,164,130,130.03901434018255,3.1432581664978168,1.1635905357027756,False,4
482,985,43.1452359012911,160,46,49.040257025274066,1.5819218592847075,1.3489815189531904,False,5
483,997,41.16063348954439,160,46,48.11668159772969,1.5381498146406662,1.3489815189531904,False,4
484,1008,102.74303026693158,164,99,99.61514777534678,2.72670683113034,0.7047473731921625,False,2
485,1023,136.1159575827169,166,98,97.58679659011358,2.191181494633238,0.6744907594765952,False,6
486,1026,54.22929021422305,164,63,65.1335775426079,1.7275896904247154,0.5343831261369323,False,6
487,1033,135.09071771310255,166,98,97.02995782657048,2.1805621160111537,0.6744907594765952,False,4
488,1044,140.07067683108718,164,111,112.30520839809843,2.6897397203700435,0.6645500735686607,False,4
489,1049,5.662615059249831,160,26,47.97081699472071,0.8860374682992356,1.3489815189531904,False,4
490,1062,123.78402780261578,166,89,90.90367055273222,2.0629608531781742,0.6744907594765952,False,2
491,1079,102.95772798267659,164,89,89.37555098573273,2.229465637190641,0.15702203279307717,False,1
492,1094,46.494385969769326,161,52,57.12178369973034,1.5591134052664897,1.011736139214893,False,5
493,1095,61.11144185465346,160,57,58.00919365134484,1.944812338210374,1.3489815189531904,False,1
494,1103,133.91193749658626,164,108,108.44452658921246,2.629425845857572,0.597589596599447,False,4
495,1113,41.15512426868411,161,52,55.90330410967042,1.733052244197572,1.011736139214893,False,3
496,1119,101.92558553465373,164,87,88.7566232681908,2.2145081170656353,0.1405458982695397,False,5
497,1123,38.17968410659097,161,51,53.86050528617763,1.6376009676891745,1.011736139214893,False,7
498,1133,7.198195635697378,155,25,45.43929231084064,1.275692157002758,3.0352084176446783,False,4
499,1139,105.02153517408385,164,89,90.61735410011052,2.258852431984849,0.1893924244220691,False,4
500,1147,64.13334252729292,160,58,59.59188230317925,1.999433058026692,1.3489815189531904,False,1
501,1152,39.45258457890707,161,49,53.62864085916124,1.3861543700591603,1.011736139214893,False,5
502,1153,50.52446589079199,161,56,59.28657097767915,1.6548920477280653,1.011736139214893,False,7
503,1158,45.13556997376109,161,55,58.70295759630233,1.8567706826504988,1.011736139214893,False,5
504,1165,52.18336316253245,164,61,63.697528652125435,1.6767265480507032,0.5619578088495389,False,2
505,1174,10.909343390619856,157,32,51.341691050576365,0.9976788287234323,2.3607176581680833,False,8
506,1177,159.3228977548275,164,141,141.6253207357689,3.19179855136372,1.3606405362034462,False,1
507,1186,144.30422043419506,166,102,102.05861694030622,2.2726396929142614,0.6796326028811185,False,3
508,1188,173.9083111227945,161,133,133.89607238006334,3.227166848488845,1.2560183392840452,False,2
509,1203,117.61115043595731,166,86,87.60548224177612,1.9964401388040147,0.6744907594765952,False,5
510,1205,184.20871721601,161,139,140.59064058753754,3.2406004001655297,1.3360761356729598,False,6
511,1211,135.71815514290142,164,126,123.90031082525554,3.100170108481246,1.1161278123164189,False,3
512,1217,90.28332889712772,164,91,90.5672490429416,2.502652198381673,0.4579448124108889,False,7
513,1220,16.432364931898583,161,36,43.360731803950685,0.9396799289511173,1.2637136679039973,False,4
514,1243,140.21193023476542,166,99,99.82384265613547,2.2323521255496064,0.6744907594765952,False,3
515,1245,134.0654749911986,166,97,96.47245638464945,2.1699883198637373,0.6744907594765952,False,6
516,1253,122.57497268038927,164,101,101.35890169440279,2.49742135490756,0.4521828893092794,False,2
517,1261,9.360087225651881,157,29,54.01395809068056,0.965598196937587,2.3607176581680833,False,3
518,1273,142.126212753801,164,112,113.59993320723892,2.7080144866818934,0.6952882092551811,False,2
519,1282,44.141230448257495,161,55,57.99791720822442,1.8255739176714796,1.011736139214893,False,5
520,1286,55.2522411279185,164,63,65.84821610193059,1.7529793535536977,0.520595954765199,False,2
521,1288,154.17904072970535,164,137,137.75021809419133,3.1793764755129135,1.2686415029300517,False,1
522,1289,86.13605908639285,164,86,87.59408408377362,2.425004265672348,0.37241340251797084,False,3
523,1290,70.65369276994525,164,73,76.65796832635921,2.1088657869573746,0.3130176141828646,False,5
524,1296,99.03680146368356,166,76,77.7125091597659,1.7826180060338628,0.6744907594765952,False,5
525,1347,77.12868765106437,164,72,74.08462238963178,1.823396062568629,0.29027517165480227,False,6
526,1349,42.46929809372159,161,50,55.06944388642089,1.4613192676054225,1.011736139214893,False,2
527,1361,91.81100273527112,166,74,73.92452581134692,1.6933067169748413,0.6744907594765952,False,7
528,1374,20.55256361349395,160,36,40.79154676126421,1.0719469971248414,1.3489815189531904,False,5
529,1382,194.62081120345474,160,129,129.6911434852293,3.2374356437630745,1.3577916919336406,False,3
530,1384,13.262954884491142,160,31,40.65721164339877,0.9234616524515776,1.3489815189531904,False,2
531,1395,109.36906569636876,166,82,83.21744418259783,1.9043762955199866,0.6744907594765952,False,5
532,1397,66.8217968383089,164,66,68.24068231919361,1.6452417414358012,0.48651723159539445,False,3
533,1414,15.110598475718229,157,32,47.707662286107826,1.1103867461363606,2.3607176581680833,False,3
534,1450,180.30817984293498,160,121,121.72962272530644,3.213807129213611,1.3489815189531904,False,6
535,1455,21.498706161106597,160,36,40.96584135622628,1.093777655425786,1.3489815189531904,False,3
536,1482,171.57829790765308,164,151,150.85958632211532,3.2101638462125335,1.5798717632214212,False,9
537,1483,39.169674213616986,161,51,54.537832279167226,1.6701463742337836,1.011736139214893,False,3
538,1487,86.64529033582701,166,69,71.21696561368805,1.6265396381987465,0.6744907594765952,False,6
539,1528,178.69730293683963,164,156,156.28496773073533,3.215071016591905,1.7086760533006358,False,4
540,1529,16.87168522815142,157,35,47.08768708375828,1.1665625688519616,2.3607176581680833,False,3
541,1545,110.17950136588505,164,93,93.72299816937524,2.3316591393594486,0.26959108669325105,False,1
542,1551,8.696002226919903,155,30,44.0689797767026,1.3317144232734641,3.0352084176446783,False,6
543,1563,3.610858662489748,151,21,54.762783523789246,1.896733915618958,4.384189936597869,False,2
544,1577,82.29402922600363,164,74,77.09743116975315,1.9095006241099899,0.19542854419321018,False,4
545,1591,192.5799313883038,160,129,128.5564652652669,3.235136376692343,1.3489815189531904,False,5
546,1609,74.77381592992036,164,78,79.56300697921297,2.1977605860665608,0.2574872428632731,False,3
547,1618,160.74353810909687,160,111,110.96261652431487,3.1385270247697528,1.3489815189531904,False,3
548,1635,32.23554345534983,160,41,44.34199159713458,1.3411169054724776,1.3489815189531904,False,1
549,1636,141.09628892530543,164,111,112.94814490759897,2.6989479882843086,0.679814065984134,False,4
550,1647,33.22256116984342,161,47,50.63097495308918,1.4772850614666622,1.011736139214893,False,3
551,1660,4.4614243364518265,160,17,52.17646333374569,0.9509812201595104,1.414254818257377,False,5
552,1678,164.67792945506582,161,126,127.98667566953445,3.2053591712626015,1.231996561568046,False,1
553,1707,44.13541420966291,160,48,49.50182761361225,1.6038122579106073,1.3489815189531904,False,2
554,1708,140.84790771388543,164,128,127.7345579690191,3.128749412202462,1.1476087295249198,False,3
555,1729,10.12555542220306,157,29,52.5624016498387,0.9802489834616548,2.3607176581680833,False,3
556,1776,148.0187511056315,164,133,133.11534747197595,3.1596587856831104,1.1816562849518415,False,3
557,1791,76.09661895304475,164,72,73.49045757655543,1.8058253830233968,0.30962977572270783,False,3
558,1813,115.55174240393508,166,86,86.50494444963262,1.9736960983675307,0.6744907594765952,False,2
559,1844,133.66534615286966,164,121,122.3662731428622,3.0874253981234054,1.102089150789348,False,1
560,1857,49.113631759594234,160,51,51.88949995951781,1.7068450629260825,1.3489815189531904,False,4
561,1861,156.2321250394754,164,139,139.28929993677434,3.184996343574008,1.3051809329123834,False,2
562,1873,4.659495958622579,151,23,50.19346692836814,1.86951760033504,4.384189936597869,False,4
563,1926,171.050375459291,160,116,116.61160838942067,3.1857849385202703,1.3489815189531904,False,3
564,1958,71.21113906077807,160,62,63.30980622043638,2.1233633968256096,1.3489815189531904,False,3
565,2011,118.64086381751596,166,86,88.15289435161415,2.007830184808253,0.6744907594765952,False,1
566,2063,146.99467822328185,164,132,132.34642957663578,3.1558416338504403,1.177451583466152,False,4
567,2080,52.54752560843794,161,56,60.40000925739204,1.70027386806671,1.011736139214893,False,2
568,2144,111.01645527766905,164,105,105.66272264442537,2.855796168379036,0.8469429556342091,False,1
569,2198,180.1034962984816,161,136,137.9292090968116,3.236206655270172,1.272890938552484,False,2
570,2216,88.71060952057302,166,70,72.29481627565188,1.6535526180640372,0.6744907594765952,False,1
571,2244,28.945075991066783,157,43,48.78363664956406,1.5705815855780563,2.3607176581680833,False,3
572,2264,78.89986858032805,164,82,82.48369013665624,2.282385049400238,0.21531427289604824,False,4
573,2309,9.48082737006563,155,33,43.64763849098041,1.3626558774966457,3.0352084176446783,False,2
574,2326,80.456601737025,166,67,68.02500826748847,1.5443429794422565,0.6744907594765952,False,1
575,2330,100.89312137747231,164,87,88.14247624125831,2.1991710173915204,0.12365164605929739,False,2
576,2352,53.2063406933529,164,61,64.41787994549021,1.7022217385480016,0.5481702787363854,False,2
577,2376,191.90503167681223,163,164,166.48129196106558,3.322261300233626,1.9507475695664829,False,2
578,2429,106.8875848913421,164,102,102.65071741380065,2.7937609487332424,0.7786093939515767,False,4
579,2688,167.5019024316233,164,148,147.7809672438857,3.2057652742118687,1.5067820917440096,False,2
580,2751,111.43062973214398,166,83,84.31361268324198,1.9277176369275046,0.6744907594765952,False,2
581,2816,65.14034534742855,160,59,60.11881980568958,2.017848854540826,1.3489815189531904,False,1
582,2864,31.24202577562374,161,47,49.431078074929445,1.4123880235736603,1.011736139214893,False,2
